[

    {"_id":"1","Identificación":"343434343","Nombre":"Keila","Primer_Apellido":"Lopez","Grupo_enfrentamiento":"1","Puntos":"3","Faltas":"1"},
    {"_id":"2","Identificación":"232121243","Nombre":"Sandra","Primer_Apellido":"Velasques","Grupo_enfrentamiento":"2","Puntos":"2","Faltas":"0"},
    {"_id":"3","Identificación":"2343437744","Nombre":"Lidia","Primer_Apellido":"Palomino","Grupo_enfrentamiento":"3","Puntos":"3","Faltas":"1"},
    {"_id":"4","Identificación":"4343422337","Nombre":"Katherin","Primer_Apellido":"Mata","Grupo_enfrentamiento":"4","Puntos":"4","Faltas":"0"},
    {"_id":"5","Identificación":"2124757698","Nombre":"Sofia","Primer_Apellido":"Perez","Grupo_enfrentamiento":"1","Puntos":"5","Faltas":"2"},
    {"_id":"6","Identificación":"4343343435","Nombre":"Sara","Primer_Apellido":"Ruiz","Grupo_enfrentamiento":"2","Puntos":"4","Faltas":"0"},
    {"_id":"7","Identificación":"6779873397","Nombre":"Lucia","Primer_Apellido":"Barreto","Grupo_enfrentamiento":"3","Puntos":"3","Faltas":"2"},
    {"_id":"8","Identificación":"2342345463","Nombre":"Robin","Primer_Apellido":"Osorio","Grupo_enfrentamiento":"4","Puntos":"4","Faltas":"1"}
]