[

    {"_id":"1","Identificación":"344677867","Nombre":"Nami","Primer_Apellido":"Rodriguez","Grupo_enfrentamiento":"1","Puntos":"5","Faltas":"1"},
    {"_id":"2","Identificación":"2313278545","Nombre":"Erza","Primer_Apellido":"Torres","Grupo_enfrentamiento":"2","Puntos":"3","Faltas":"2"},
    {"_id":"3","Identificación":"346809894","Nombre":"Kana","Primer_Apellido":"Ruiz","Grupo_enfrentamiento":"3","Puntos":"4","Faltas":"3"},
    {"_id":"4","Identificación":"34545675667","Nombre":"Camila","Primer_Apellido":"Cruz","Grupo_enfrentamiento":"4","Puntos":"3","Faltas":"2"},
    {"_id":"5","Identificación":"15434345545","Nombre":"Maria","Primer_Apellido":"Vaca","Grupo_enfrentamiento":"1","Puntos":"5","Faltas":"1"},
    {"_id":"6","Identificación":"02392382332","Nombre":"Lucy","Primer_Apellido":"Urrea","Grupo_enfrentamiento":"2","Puntos":"3","Faltas":"2"},
    {"_id":"7","Identificación":"23439493223","Nombre":"Yuki","Primer_Apellido":"Niño","Grupo_enfrentamiento":"3","Puntos":"3","Faltas":"1"},
    {"_id":"8","Identificación":"121003227","Nombre":"Valery","Primer_Apellido":"Ariza","Grupo_enfrentamiento":"4","Puntos":"4","Faltas":"1"}

]