[
    {"_id":"1","Identificación":"100762212","Nombre":"Jessica","Primer_Apellido":"Osorio","Grupo_enfrentamiento":"1","Puntos":"3","Faltas":"1"},
    {"_id":"2","Identificación":"434535534","Nombre":"Carolina","Primer_Apellido":"Perez","Grupo_enfrentamiento":"2","Puntos":"4","Faltas":"0"},
    {"_id":"3","Identificación":"23232532","Nombre":"Laura","Primer_Apellido":"Gomez","Grupo_enfrentamiento":"3","Puntos":"2","Faltas":"1"},
    {"_id":"4","Identificación":"234565667","Nombre":"Daniela","Primer_Apellido":"Valencia","Grupo_enfrentamiento":"4","Puntos":"4","Faltas":"1"},
    {"_id":"5","Identificación":"443434365","Nombre":"Ana","Primer_Apellido":"Hernandez","Grupo_enfrentamiento":"1","Puntos":"3","Faltas":"0"},
    {"_id":"6","Identificación":"3434358656","Nombre":"Monica","Primer_Apellido":"Gonzalez","Grupo_enfrentamiento":"2","Puntos":"3","Faltas":"1"},
    {"_id":"7","Identificación":"896343435","Nombre":"Isabel","Primer_Apellido":"Cruz","Grupo_enfrentamiento":"3","Puntos":"4","Faltas":"0"},
    {"_id":"8","Identificación":"43435546567","Nombre":"Luisa","Primer_Apellido":"Rodriguez","Grupo_enfrentamiento":"4","Puntos":"3","Faltas":"1"}


]