[
    {"_id":"1","Identificación":"100762212","Nombre":"Jessica","Primer_Apellido":"Osorio","Segundo_Apellido":"Osorio","Edad":"10","Cinturon":"Blanco"},
    {"_id":"2","Identificación":"434535534","Nombre":"Carolina","Primer_Apellido":"Perez","Segundo_Apellido":"Vaca","Edad":"11","Cinturon":"Blanco"},
    {"_id":"3","Identificación":"23232532","Nombre":"Laura","Primer_Apellido":"Gomez","Segundo_Apellido":"Umaña","Edad":"10","Cinturon":"Blanco"},
    {"_id":"4","Identificación":"234565667","Nombre":"Daniela","Primer_Apellido":"Valencia","Segundo_Apellido":"Barreto","Edad":"10","Cinturon":"Amarillo"},
    {"_id":"5","Identificación":"443434365","Nombre":"Ana","Primer_Apellido":"Hernandez","Segundo_Apellido":"Ariza","Edad":"11","Cinturon":"Amarillo"},
    {"_id":"6","Identificación":"3434358656","Nombre":"Monica","Primer_Apellido":"Gonzalez","Segundo_Apellido":"Niño","Edad":"10","Cinturon":"Blanco"},
    {"_id":"7","Identificación":"896343435","Nombre":"Isabel","Primer_Apellido":"Cruz","Segundo_Apellido":"Ruiz","Edad":"11","Cinturon":"Amarillo"},
    {"_id":"8","Identificación":"43435546567","Nombre":"Luisa","Primer_Apellido":"Rodriguez","Segundo_Apellido":"Rojas","Edad":"11","Cinturon":"Amarillo"},

    {"_id":"9","Identificación":"343434343","Nombre":"Keila","Primer_Apellido":"Lopez","Segundo_Apellido":"Lozano","Edad":"13","Cinturon":"Naranja"},
    {"_id":"10","Identificación":"232121243","Nombre":"Sandra","Primer_Apellido":"Velasques","Segundo_Apellido":"Urrea","Edad":"15","Cinturon":"Verde"},
    {"_id":"11","Identificación":"2343437744","Nombre":"Lidia","Primer_Apellido":"Palomino","Segundo_Apellido":"Torres","Edad":"14","Cinturon":"Naranja"},
    {"_id":"12","Identificación":"4343422337","Nombre":"Katherin","Primer_Apellido":"Mata","Segundo_Apellido":"Luengas","Edad":"15","Cinturon":"Verde"},
    {"_id":"13","Identificación":"2124757698","Nombre":"Sofia","Primer_Apellido":"Perez","Segundo_Apellido":"Hernandez","Edad":"13","Cinturon":"Naranja"},
    {"_id":"14","Identificación":"4343343435","Nombre":"Sara","Primer_Apellido":"Ruiz","Segundo_Apellido":"Osorio","Edad":"14","Cinturon":"Verde"},
    {"_id":"15","Identificación":"6779873397","Nombre":"Lucia","Primer_Apellido":"Barreto","Segundo_Apellido":"Umaña","Edad":"14","Cinturon":"Naranja"},
    {"_id":"16","Identificación":"2342345463","Nombre":"Robin","Primer_Apellido":"Osorio","Segundo_Apellido":"Niño","Edad":"15","Cinturon":"Verde"},

    {"_id":"17","Identificación":"344677867","Nombre":"Nami","Primer_Apellido":"Rodriguez","Segundo_Apellido":"Mata","Edad":"16","Cinturon":"Azul"},
    {"_id":"18","Identificación":"2313278545","Nombre":"Erza","Primer_Apellido":"Torres","Segundo_Apellido":"Rojas","Edad":"17","Cinturon":"Azul"},
    {"_id":"19","Identificación":"346809894","Nombre":"Kana","Primer_Apellido":"Ruiz","Segundo_Apellido":"Velasques","Edad":"18","Cinturon":"Azul"},
    {"_id":"20","Identificación":"34545675667","Nombre":"Camila","Primer_Apellido":"Cruz","Segundo_Apellido":"Palomino","Edad":"16","Cinturon":"Azul"},
    {"_id":"21","Identificación":"15434345545","Nombre":"Maria","Primer_Apellido":"Vaca","Segundo_Apellido":"Palomo","Edad":"17","Cinturon":"Azul"},
    {"_id":"22","Identificación":"02392382332","Nombre":"Lucy","Primer_Apellido":"Urrea","Segundo_Apellido":"Umaña","Edad":"17","Cinturon":"Azul"},
    {"_id":"23","Identificación":"23439493223","Nombre":"Yuki","Primer_Apellido":"Niño","Segundo_Apellido":"Cruz","Edad":"18","Cinturon":"Azul"},
    {"_id":"24","Identificación":"121003227","Nombre":"Valery","Primer_Apellido":"Ariza","Segundo_Apellido":"Piña","Edad":"16","Cinturon":"Azul"}
]       