[
    {"_id":"1","Identificación":"896343435","Nombre":"Isabel","Primer_Apellido":"Cruz","Categoria":"Baja","Puntuacion_Final":"4","Avanza_Cinturon":"Si"},
    {"_id":"2","Identificación":"434535534","Nombre":"Carolina","Primer_Apellido":"Perez","Categoria":"Baja","Puntuacion_Final":"4","Avanza_Cinturon":"Si"},
    {"_id":"3","Identificación":"234565667","Nombre":"Daniela","Primer_Apellido":"Valencia","Categoria":"Baja","Puntuacion_Final":"3","Avanza_Cinturon":"Si"},
    {"_id":"4","Identificación":"443434365","Nombre":"Ana","Primer_Apellido":"Hernandez","Categoria":"Baja","Puntuacion_Final":"3","Avanza_Cinturon":"Si"},
    {"_id":"5","Identificación":"3434358656","Nombre":"Monica","Primer_Apellido":"Gonzalez","Categoria":"Baja","Puntuacion_Final":"2","Avanza_Cinturon":"No"},
    {"_id":"6","Identificación":"43435546567","Nombre":"Luisa","Primer_Apellido":"Rodriguez","Categoria":"Baja","Puntuacion_Final":"2","Avanza_Cinturon":"No"},
    {"_id":"7","Identificación":"100762212","Nombre":"Jessica","Primer_Apellido":"Osorio","Categoria":"Baja","Puntuacion_Final":"2","Avanza_Cinturon":"No"},
    {"_id":"8","Identificación":"23232532","Nombre":"Laura","Primer_Apellido":"Gomez","Categoria":"Baja","Puntuacion_Final":"1","Avanza_Cinturon":"No"},
    
    {"_id":"9","Identificación":"4343343435","Nombre":"Sara","Primer_Apellido":"Ruiz","Categoria":"Media","Puntuacion_Final":"4","Avanza_Cinturon":"Si"},
    {"_id":"10","Identificación":"4343422337","Nombre":"Katherin","Primer_Apellido":"Mata","Categoria":"Media","Puntuacion_Final":"4","Avanza_Cinturon":"Si"},
    {"_id":"11","Identificación":"2124757698","Nombre":"Sofia","Primer_Apellido":"Perez","Categoria":"Media","Puntuacion_Final":"3","Avanza_Cinturon":"Si"},
    {"_id":"12","Identificación":"2342345463","Nombre":"Robin","Primer_Apellido":"Osorio","Categoria":"Media","Puntuacion_Final":"3","Avanza_Cinturon":"Si"},
    {"_id":"13","Identificación":"343434343","Nombre":"Keila","Primer_Apellido":"Lopez","Categoria":"Media","Puntuacion_Final":"2","Avanza_Cinturon":"No"},
    {"_id":"14","Identificación":"232121243","Nombre":"Sandra","Primer_Apellido":"Velasques","Categoria":"Media","Puntuacion_Final":"2","Avanza_Cinturon":"No"},
    {"_id":"15","Identificación":"2343437744","Nombre":"Lidia","Primer_Apellido":"Palomino","Categoria":"Media","Puntuacion_Final":"2","Avanza_Cinturon":"No"},
    {"_id":"16","Identificación":"6779873397","Nombre":"Lucia","Primer_Apellido":"Barreto","Categoria":"Media","Puntuacion_Final":"1","Avanza_Cinturon":"No"},
    
    {"_id":"17","Identificación":"15434345545","Nombre":"Maria","Primer_Apellido":"Vaca","Categoria":"Avanzada","Puntuacion_Final":"4","Avanza_Cinturon":"Si"},
    {"_id":"18","Identificación":"344677867","Nombre":"Nami","Primer_Apellido":"Rodriguez","Categoria":"Avanzada","Puntuacion_Final":"4","Avanza_Cinturon":"Si"},
    {"_id":"19","Identificación":"121003227","Nombre":"Valery","Primer_Apellido":"Ariza","Categoria":"Avanzada","Puntuacion_Final":"3","Avanza_Cinturon":"No"},
    {"_id":"20","Identificación":"23439493223","Nombre":"Yuki","Primer_Apellido":"Niño","Categoria":"Avanzada","Puntuacion_Final":"2","Avanza_Cinturon":"No"},
    {"_id":"21","Identificación":"2313278545","Nombre":"Erza","Primer_Apellido":"Torres","Categoria":"Avanzada","Puntuacion_Final":"1","Avanza_Cinturon":"No"},
    {"_id":"22","Identificación":"346809894","Nombre":"Kana","Primer_Apellido":"Ruiz","Categoria":"Avanzada","Puntuacion_Final":"1","Avanza_Cinturon":"No"},
    {"_id":"23","Identificación":"34545675667","Nombre":"Camila","Primer_Apellido":"Cruz","Categoria":"Avanzada","Puntuacion_Final":"1","Avanza_Cinturon":"No"},
    {"_id":"24","Identificación":"02392382332","Nombre":"Lucy","Primer_Apellido":"Urrea","Categoria":"Avanzada","Puntuacion_Final":"1","Avanza_Cinturon":"No"}
    
    


]